insert into clinicas_esteticas(id, nome, telefone) values
('0', 'Salão da Ana', '+55 (19) 3555-8970'),
('1', 'Estética Bem Estar', '+55 (84) 2642-0971'),
('2', 'Melhores Beleza', '+55 (67) 2634-3527'),
('3', 'Majestosa Beleza', '+55 (47) 2620-4617'),
('4', 'Rara Beleza', '+55 (67) 3619-5934'),
('5', 'Beleza garantida', '+55 (61) 3597-1961'),
('6', 'Espaço Gio', '+55 (79) 2640-8825'),
('7', 'Beau', '+55 (86) 2600-4619'),
('8', 'La Belle', '+55 (41) 2751-3046'),
('9', 'Bellezza', '+55 (32) 3659-3023');

insert into pessoas(id, nome, telefone, id_clinica_estetica) values
('0', 'Sophie Isabela Silveira', '+55 (32) 99635-3839', '1'),
('1', 'Jéssica Caroline Ayla Brito', '+55 (98) 98106-5729', '1'),
('2', 'Vanessa Sebastiana da Mata', '+55 (86) 98452-4851', '1'),
('3', 'Isis Benedita Giovana Galvão', '+55 (79) 98390-0949', '1'),
('4', 'Laura Nina Sales', '+55 (81) 98120-8354', '1'),
('5', 'Brenda Nina Castro', '+55 (84) 98643-8595', '1'),
('6', 'Vera Eliane Rezende', '+55 (19) 98375-1867', '1'),
('7', 'Francisca Aurora Analu Brito', '+55 (28) 99659-8590', '1'),
('8', 'Agatha Stella Sandra Silva', '+55 (95) 99586-7312', '1'),
('9', 'Isadora Rebeca Alessandra Cavalcanti', '+55 (95) 98644-4434', '1'),
('10', 'Ayla Louise Cavalcanti', '+55 (21) 99728-5866', '2'),
('11', 'Jéssica Caroline Ayla Brito', '+55 (98) 98106-5729', '2'),
('12', 'Tatiane Olivia Cavalcanti', '+55 (47) 98407-5292', '2'),
('13', 'Liz Lívia Esther Nascimento', '+55 (82) 98320-0051', '2'),
('14', 'Heloise Vera Rodrigues', '+55 (91) 98867-9426', '2'),
('15', 'Luiza Aline Dias', '+55 (82) 98464-7771', '2'),
('16', 'Sabrina Mirella Martins', '+55 (84) 99928-3542', '2'),
('17', 'Heloise Isadora Martins', '+55 (67) 99386-7175', '2'),
('18', 'Allana Eliane Brito', '+55 (47) 99199-2209', '2'),
('19', 'Stefany Marina Márcia Pereira', '+55 (67) 98121-7893', '2'),
('20', 'Liz Giovanna Mariane Oliveira', '+55 (11) 98306-7694', '2'),
('21', 'Teresinha Jéssica Hadassa Moraes', '+55 (92) 98525-3276', '2'),
('22', 'Maria Giovana Ferreira', '+55 (79) 98897-2448', '2'),
('23', 'Rosa Letícia Fabiana Aragão', '+55 (83) 99266-8035', '2'),
('24', 'Isadora Emily Josefa Almada', '+55 (67) 98709-8339', '2'),
('25', 'Benedita Andrea Oliveira', '+55 (95) 99906-2537', '2'),
('26', 'Simone Malu Giovana Assunção', '+55 (96) 98832-6065', '2'),
('27', 'Jaqueline Mariana Drumond', '+55 (86) 98992-7089', '2'),
('28', 'Maya Antônia Vieira', '+55 (96) 98194-2629', '2'),
('29', 'Alessandra Mariah Kamilly Campos', '+55 (27) 98734-1042', '2');

insert into clientes(id, status_cliente, sexo, id_pessoa_cliente) values
('0', 0, 0, '0'),
('1', 1, 0, '1'),
('2', 0, 0, '2'),
('3', 1, 0, '3'),
('4', 0, 0, '4'),
('5', 1, 0, '5'),
('6', 0, 0, '6'),
('7', 1, 0, '7'),
('8', 0, 0, '8'), 
('9', 1, 0, '9'),
('10', 0, 0, '20'),
('11', 1, 0, '21'),
('12', 0, 0, '22'),
('13', 1, 0, '23'),
('14', 0, 0, '24'),
('15', 1, 0, '25'),
('16', 0, 0, '26'),
('17', 1, 0, '27'),
('18', 0, 0, '28'), 
('19', 1, 0, '29');

insert into funcionarios(id, endereco, salario, id_pessoa_funcionario) values
('0', '49087353', 1000, '10'),
('1', '36026060', 800, '11'),
('2', '64012364', 500, '12'),
('3', '72302001', 700, '13'),
('4', '79602100', 500, '14'),
('5', '89025560', 800, '15'),
('6', '79117440', 1000, '16'),
('7', '59072660', 500, '17'),
('8', '57010781', 800, '18'), 
('9', '66840470', 1000, '19');

insert into categorias_servicos(id, nome, iniciou_em, id_funcionario_especializado) values
('0', 'Estilista de cabelo', '2010-12-10', '0'),
('1', 'Remoção de Tatuagem', '2010-10-10', '1'),
('2', 'Depilação', '2015-01-05', '2'),
('3', 'Maquiagem', '2016-11-01', '3'),
('4', 'Micropigmentação', '2010-07-11', '4'),
('5', 'Design de sobrancelhas', '2018-07-07', '5'),
('6', 'Estilista de cabelo', '2016-11-05', '6'),
('7', 'Micropigmentação', '2018-05-06', '7'),
('8', 'Estilista de cabelo', '2020-01-03', '8'),
('9', 'Maquiagem', '2020-01-10', '9');

insert into agendas(id, id_funcionario) values 
('0', '0'),
('1', '1'),
('2', '2'),
('3', '3'),
('4', '4'),
('5', '5'),
('6', '6'),
('7', '7'),
('8', '8'),
('9', '9');

insert into horarios(id, data_inicio, data_fim, id_cliente, id_agenda) values 
('0', '2020-01-01 07:10:00', '2020-01-01 08:10:00', '0', '0'),
('1', '2020-01-01 07:00:00', '2020-01-01 09:00:00', '1', '1'),
('2', '2020-01-01 07:30:00', '2020-01-01 08:30:00', '2', '2'),
('3', '2020-01-01 07:00:00', '2020-01-01 09:00:00', '3', '3'),
('4', '2020-01-01 07:00:00', '2020-01-01 08:00:00', '4', '4'),
('5', '2020-01-01 07:10:00', '2020-01-01 07:40:00', '5', '5'),
('6', '2020-01-01 07:30:00', '2020-01-01 09:00:00', '6', '6'),
('7', '2020-01-01 07:15:00', '2020-01-01 07:30:00', '7', '7'),
('8', '2020-01-01 07:00:00', '2020-01-01 07:30:00', '8', '8'),
('9', '2020-01-01 07:00:00', '2020-01-01 08:00:00', '9', '9');

insert into estoques(id, id_clinica_estetica) values 
('0', '0'),
('1', '1'),
('2', '2'),
('3', '3'),
('4', '4'),
('5', '5'),
('6', '6'),
('7', '7'),
('8', '8'),
('9', '9');

insert into produtos(id, nome, preco_de_custo, preco_de_venda, id_estoque) values 
('0', 'Pincel de maquiagem', 10, 20, '0'),
('1', 'Shampoo', 25, 50, '1'),
('2', 'Pente de cabelo', 3, 5, '2'),
('3', 'Batom', 8, 32, '3'),
('4', 'Perfume', 50, 150, '4'),
('5', 'Condicionador', 15, 40, '5'),
('6', 'Suco detox', 2, 8, '6'),
('7', 'Blush', 8, 25, '7'),
('8', 'Sombra', 5, 15, '8'),
('9', 'Removedor de cravo', 100, 200, '9');

insert into fornecedores(cnpj, nome_fantasia, telefone) values
('55.877.352/0001-11', 'Spectrum Estética', '+55 (14) 57459-4286'),
('56.042.549/0001-01', 'Reverse Estética', '+55 (21) 65954-4985'),
('54.745.659/0001-04', 'Fidelity Estética', '(33) 42099-7215'),
('83.194.459/0001-09', 'Estética Break', '(11) 19114-3754'),
('72.674.888/0001-59', 'PacificCoast Estética', '+55 (82) 46019-4214'),
('08.474.657/0001-00', 'Redemption Estética', '+55 (53) 37693-0353'),
('00.868.927/0001-48', 'Sucos naturais', '(13) 83995-6663'),
('20.026.771/0001-65', 'Maquiadores do Brasil', '(39) 62947-9373'),
('46.167.278/0001-59', 'Belleza Factory', '+55 (80) 70487-3845'),
('21.236.089/0001-60', 'Unity Estética', '+55 (87) 76726-7911');

insert into lotes(id, id_produto) values
('0', '0'),
('1', '1'),
('2', '2'),
('3', '3'),
('4', '4'),
('5', '5'),
('6', '6'),
('7', '7'),
('8', '8'),
('9', '9');

insert into pedidos_compras(id, data_pedido, preco_final, cnpj_fornecedor, id_lote) values
('0', '2020-11-15', 10, '55.877.352/0001-11', '0'),
('1', '2020-11-15', 25, '56.042.549/0001-01', '1'),
('2', '2020-11-15', 3, '54.745.659/0001-04', '2'),
('3', '2020-11-15', 8, '83.194.459/0001-09', '3'),
('4', '2020-11-15', 50, '72.674.888/0001-59', '4'),
('5', '2020-11-15', 15, '08.474.657/0001-00', '5'),
('6', '2020-11-15', 2, '00.868.927/0001-48', '6'),
('7', '2020-11-15', 8,'20.026.771/0001-65', '7'),
('8', '2020-11-15', 5, '46.167.278/0001-59', '8'),
('9', '2020-11-15', 100, '21.236.089/0001-60', '9');

insert into pedidos_vendas(id, data_pedido, preco_final, desconto, id_cliente, id_funcionario, id_lote) values
('0', '2020-11-16', 20, 0, '0', '0', '0'),
('1', '2020-11-16', 50, 0, '1', '1', '1'),
('2', '2020-11-16', 5, 0, '2', '2', '2'),
('3', '2020-11-16', 32, 0, '3', '3', '3'),
('4', '2020-11-16', 150, 5, '4', '4', '4'),
('5', '2020-11-16', 40, 2, '5', '5', '5'),
('6', '2020-11-16', 8, 0, '6', '6', '6'),
('7', '2020-11-16', 25, 0, '7', '7', '7'),
('8', '2020-11-16', 15, 0, '8', '8', '8'),
('9', '2020-11-16', 200, 20, '9', '9', '9');
